1,failed
2,failed
3,failed
4,failed
5,failed
6,failed
7,failed
8,failed
9,failed
10,failed
11,failed
12,failed
13,failed
14,failed
15,failed
16,failed
17,failed
18,failed
19,failed
20,failed
21,failed
22,failed
23,failed
24,failed
25,failed
26,failed
27,failed
28,failed
29,failed
30,failed
31,failed
32,failed
33,failed
34,failed
35,failed
36,failed
37,failed
38,failed
39,failed
40,failed
41,failed
42,failed
43,failed
44,failed
45,failed
46,failed
47,failed
48,failed
49,failed
50,failed
51,failed
52,failed
53,failed
54,failed
55,failed
56,failed
57,failed
58,failed
59,failed
60,failed
61,failed
62,failed
63,failed
64,failed
65,failed
66,failed
67,failed
68,failed
69,failed
70,failed
71,failed
72,failed
73,failed
74,failed
75,failed
76,failed
77,failed
78,failed
79,failed
80,failed
81,failed
82,failed
83,failed
84,failed
85,failed
86,failed
87,failed
88,failed
89,failed
90,failed
91,failed
92,failed
93,failed
94,failed
95,failed
96,failed
97,failed
98,failed
99,failed
100,failed
101,failed
102,failed
103,failed
104,failed
105,failed
106,failed
107,failed
108,failed
109,failed
110,failed
111,failed
112,failed
113,failed
114,failed
115,failed
116,failed
117,failed
118,failed
119,failed
120,failed
121,failed
122,failed
123,failed
124,failed
125,failed
126,failed
127,failed
128,failed
129,failed
130,failed
131,failed
132,failed
133,failed
134,failed
135,failed
136,failed
137,failed
138,failed
139,failed
140,failed
141,failed
142,failed
143,failed
144,failed
145,failed
146,failed
147,failed
148,failed
149,failed
150,failed
151,failed
152,failed
153,failed
154,failed
155,failed
156,failed
157,failed
158,failed
159,failed
160,failed
161,failed
162,failed
163,failed
164,failed
165,failed
166,failed
167,failed
168,failed
169,failed
170,failed
171,failed
172,failed
173,failed
174,failed
175,failed
176,failed
177,failed
178,failed
179,failed
180,failed
181,failed
182,failed
183,failed
184,failed
185,failed
186,failed
187,failed
188,failed
189,failed
190,failed
191,failed
192,failed
193,failed
194,failed
195,failed
196,failed
197,failed
198,failed
199,failed
200,failed
201,failed
202,failed
1,failed
2,failed
3,failed
4,failed
1,failed
2,failed
3,failed
4,failed
5,failed
6,failed
7,failed
8,failed
9,failed
10,failed
11,failed
12,failed
13,failed
14,failed
15,failed
16,failed
17,failed
18,failed
19,failed
20,failed
21,failed
22,failed
23,failed
24,failed
25,failed
26,failed
27,failed
28,failed
29,failed
30,failed
31,failed
32,failed
33,failed
34,failed
35,failed
36,failed
37,failed
38,failed
39,failed
40,failed
41,failed
42,failed
43,failed
44,failed
45,failed
46,failed
47,failed
48,failed
49,failed
50,failed
51,failed
52,failed
53,failed
54,failed
55,failed
56,failed
57,failed
58,failed
59,failed
60,failed
61,failed
62,failed
63,failed
64,failed
65,failed
66,failed
67,failed
68,failed
69,failed
70,failed
71,failed
72,failed
73,failed
74,failed
75,failed
76,failed
77,failed
78,failed
79,failed
80,failed
81,failed
82,failed
83,failed
84,failed
85,failed
86,failed
87,failed
88,failed
89,failed
90,failed
91,failed
92,failed
93,failed
94,failed
95,failed
96,failed
97,failed
98,failed
99,failed
100,failed
101,failed
102,failed
103,failed
104,failed
105,failed
106,failed
107,failed
108,failed
109,failed
110,failed
111,failed
112,failed
113,failed
114,failed
115,failed
116,failed
117,failed
118,failed
119,failed
120,failed
121,failed
122,failed
123,failed
124,failed
125,failed
126,failed
127,failed
128,failed
129,failed
130,failed
131,failed
132,failed
133,failed
134,failed
135,failed
136,failed
137,failed
138,failed
139,failed
140,failed
141,failed
142,failed
143,failed
144,failed
145,failed
146,failed
147,failed
148,failed
149,failed
150,failed
151,failed
152,failed
153,failed
154,failed
155,failed
156,failed
157,failed
158,failed
159,failed
160,failed
161,failed
162,failed
163,failed
164,failed
165,failed
166,failed
167,failed
168,failed
169,failed
170,failed
171,failed
172,failed
173,failed
174,failed
175,failed
176,failed
177,failed
178,failed
179,failed
180,failed
181,failed
182,failed
183,failed
184,failed
185,failed
186,failed
187,failed
188,failed
189,failed
190,failed
191,failed
192,failed
193,failed
194,failed
195,failed
196,failed
197,failed
198,failed
199,failed
200,failed
201,failed
202,failed
203,failed
204,failed
205,failed
206,failed
207,failed
208,failed
209,failed
210,failed
211,failed
212,failed
213,failed
214,failed
215,failed
216,failed
217,failed
218,failed
219,failed
220,failed
221,failed
222,failed
223,failed
224,failed
225,failed
226,failed
227,failed
228,failed
229,failed
230,failed
231,failed
232,failed
233,failed
234,failed
235,failed
236,failed
237,failed
238,failed
239,failed
240,failed
241,failed
242,failed
243,failed
244,failed
245,failed
246,failed
247,failed
248,failed
249,failed
250,failed
251,failed
252,failed
253,failed
254,failed
255,failed
256,failed
257,failed
258,failed
259,failed
260,failed
261,failed
262,failed
263,failed
264,failed
265,failed
266,failed
267,failed
268,failed
269,failed
270,failed
271,failed
272,failed
273,failed
274,failed
275,failed
276,failed
277,failed
278,failed
279,failed
280,failed
281,failed
282,failed
283,failed
284,failed
285,failed
286,failed
287,failed
288,failed
289,failed
290,failed
291,failed
292,failed
293,failed
294,failed
295,failed
296,failed
297,failed
298,failed
299,failed
300,failed
301,failed
302,failed
303,failed
304,failed
305,failed
306,failed
307,failed
308,failed
309,failed
310,failed
311,failed
312,failed
313,failed
314,failed
315,failed
316,failed
317,failed
318,failed
319,failed
320,failed
321,failed
322,failed
323,failed
324,failed
325,failed
326,failed
327,failed
328,failed
329,failed
330,failed
331,failed
332,failed
333,failed
334,failed
335,failed
336,failed
337,failed
338,failed
339,failed
340,failed
341,failed
342,failed
343,failed
344,failed
345,failed
346,failed
347,failed
348,failed
349,failed
350,failed
351,failed
352,failed
353,failed
354,failed
355,failed
356,failed
357,failed
358,failed
359,failed
360,failed
361,failed
362,failed
363,failed
364,failed
365,failed
366,failed
367,failed
368,failed
369,failed
370,failed
371,failed
372,failed
373,failed
374,failed
375,failed
376,failed
377,failed
378,failed
379,failed
380,failed
381,failed
382,failed
383,failed
384,failed
385,failed
386,failed
387,failed
388,failed
389,failed
390,failed
391,failed
392,failed
393,failed
394,failed
395,failed
396,failed
397,failed
398,failed
399,failed
400,failed
401,failed
402,failed
403,failed
404,failed
405,failed
406,failed
407,failed
408,failed
409,failed
410,failed
411,failed
412,failed
413,failed
414,failed
415,failed
416,failed
417,failed
418,failed
419,failed
420,failed
421,failed
422,failed
423,failed
424,failed
425,failed
426,failed
427,failed
428,failed
429,failed
430,failed
431,failed
432,failed
433,failed
434,failed
435,failed
436,failed
437,failed
438,failed
439,failed
440,failed
441,failed
442,failed
443,failed
444,failed
445,failed
446,failed
447,failed
448,failed
449,failed
450,failed
451,failed
452,failed
453,failed
454,failed
455,failed
456,failed
457,failed
458,failed
459,failed
460,failed
461,failed
462,failed
463,failed
464,failed
465,failed
466,failed
467,failed
468,failed
469,failed
470,failed
471,failed
472,failed
473,failed
474,failed
475,failed
476,failed
477,failed
478,failed
479,failed
480,failed
481,failed
482,failed
483,failed
484,failed
485,failed
486,failed
487,failed
488,failed
489,failed
490,failed
491,failed
492,failed
493,failed
494,failed
495,failed
496,failed
497,failed
498,failed
499,failed
500,failed
501,failed
502,failed
503,failed
504,failed
505,failed
506,failed
507,failed
508,failed
509,failed
510,failed
511,failed
512,failed
513,failed
514,failed
515,failed
516,failed
517,failed
518,failed
519,failed
520,failed
521,failed
522,failed
523,failed
524,failed
525,failed
526,failed
527,failed
528,failed
529,failed
530,failed
531,failed
532,failed
533,failed
534,failed
535,failed
536,failed
537,failed
538,failed
539,failed
540,failed
541,failed
542,failed
543,failed
544,failed
545,failed
546,failed
547,failed
548,failed
549,failed
550,failed
551,failed
552,failed
553,failed
554,failed
555,failed
556,failed
557,failed
558,failed
559,failed
560,failed
561,failed
562,failed
563,failed
564,failed
565,failed
566,failed
567,failed
568,failed
569,failed
570,failed
571,failed
572,failed
573,failed
574,failed
575,failed
576,failed
577,failed
578,failed
579,failed
580,failed
581,failed
582,failed
583,failed
584,failed
585,failed
586,failed
587,failed
588,failed
589,failed
590,failed
591,failed
592,failed
593,failed
594,failed
595,failed
596,failed
597,failed
598,failed
599,failed
600,failed
601,failed
602,failed
603,failed
604,failed
605,failed
606,failed
607,failed
608,failed
609,failed
610,failed
611,failed
612,failed
613,failed
614,failed
615,failed
616,failed
617,failed
618,failed
619,failed
620,failed
621,failed
622,failed
623,failed
624,failed
625,failed
626,failed
627,failed
628,failed
629,failed
630,failed
631,failed
632,failed
633,failed
634,failed
635,failed
636,failed
637,failed
638,failed
639,failed
640,failed
641,failed
642,failed
643,failed
644,failed
645,failed
646,failed
647,failed
648,failed
649,failed
650,failed
651,failed
652,failed
653,failed
654,failed
655,failed
656,failed
657,failed
658,failed
659,failed
660,failed
661,failed
662,failed
663,failed
664,failed
665,failed
666,failed
667,failed
668,failed
669,failed
670,failed
671,failed
672,failed
673,failed
674,failed
675,failed
676,failed
677,failed
678,failed
679,failed
680,failed
681,failed
682,failed
683,failed
684,failed
685,failed
686,failed
687,failed
688,failed
689,failed
690,failed
691,failed
692,failed
693,failed
694,failed
695,failed
696,failed
697,failed
698,failed
699,failed
700,failed
701,failed
702,failed
703,failed
704,failed
705,failed
706,failed
707,failed
708,failed
709,failed
710,failed
711,failed
712,failed
713,failed
714,failed
715,failed
716,failed
717,failed
718,failed
719,failed
720,failed
721,failed
722,failed
723,failed
724,failed
725,failed
726,failed
727,failed
728,failed
729,failed
730,failed
731,failed
732,failed
733,failed
734,failed
735,failed
736,failed
737,failed
738,failed
739,failed
740,failed
741,failed
742,failed
743,failed
744,failed
745,failed
746,failed
747,failed
748,failed
749,failed
750,failed
751,failed
752,failed
753,failed
754,failed
755,failed
756,failed
757,failed
758,failed
759,failed
760,failed
761,failed
762,failed
763,failed
764,failed
765,failed
766,failed
767,failed
768,failed
769,failed
770,failed
771,failed
772,failed
773,failed
774,failed
775,failed
776,failed
777,failed
778,failed
779,failed
780,failed
781,failed
782,failed
783,failed
784,failed
785,failed
786,failed
787,failed
788,failed
789,failed
790,failed
791,failed
792,failed
793,failed
794,failed
795,failed
796,failed
797,failed
798,failed
799,failed
800,failed
801,failed
802,failed
803,failed
804,failed
805,failed
806,failed
807,failed
808,failed
809,failed
810,failed
811,failed
812,failed
813,failed
814,failed
815,failed
816,failed
817,failed
818,failed
819,failed
820,failed
821,failed
822,failed
823,failed
824,failed
825,failed
826,failed
827,failed
828,failed
829,failed
830,failed
831,failed
832,failed
833,failed
834,failed
835,failed
836,failed
837,failed
838,failed
839,failed
840,failed
841,failed
842,failed
843,failed
844,failed
845,failed
846,failed
847,failed
848,failed
849,failed
850,failed
851,failed
852,failed
853,failed
854,failed
855,failed
856,failed
857,failed
858,failed
859,failed
860,failed
861,failed
862,failed
863,failed
864,failed
865,failed
866,failed
867,failed
868,failed
869,failed
870,failed
871,failed
872,failed
873,failed
874,failed
875,failed
876,failed
877,failed
878,failed
879,failed
880,failed
881,failed
882,failed
883,failed
884,failed
885,failed
886,failed
887,failed
888,failed
889,failed
890,failed
891,failed
892,failed
893,failed
894,failed
895,failed
896,failed
897,failed
898,failed
899,failed
900,failed
901,failed
902,failed
903,failed
904,failed
905,failed
906,failed
907,failed
908,failed
909,failed
910,failed
911,failed
912,failed
913,failed
914,failed
915,failed
916,failed
917,failed
918,failed
919,failed
920,failed
921,failed
922,failed
923,failed
924,failed
925,failed
926,failed
927,failed
928,failed
929,failed
930,failed
931,failed
932,failed
1,failed
2,failed
3,failed
4,failed
5,failed
6,failed
7,failed
8,failed
9,failed
10,failed
11,failed
12,failed
13,failed
14,failed
15,failed
16,failed
17,failed
18,failed
19,failed
20,failed
21,failed
22,failed
23,failed
24,failed
25,failed
26,failed
27,failed
28,failed
29,failed
30,failed
31,failed
32,failed
33,failed
34,failed
35,failed
36,failed
37,failed
38,failed
39,failed
40,failed
41,failed
42,failed
43,failed
44,failed
45,failed
46,failed
47,failed
48,failed
49,failed
50,failed
51,failed
52,failed
53,failed
54,failed
55,failed
56,failed
57,failed
58,failed
59,failed
60,failed
61,failed
62,failed
63,failed
64,failed
65,failed
66,failed
67,failed
68,failed
69,failed
70,failed
71,failed
72,failed
73,failed
74,failed
75,failed
76,failed
77,failed
78,failed
79,failed
80,failed
81,failed
82,failed
83,failed
84,failed
85,failed
86,failed
87,failed
88,failed
89,failed
90,failed
91,failed
92,failed
93,failed
94,failed
95,failed
96,failed
97,failed
98,failed
99,failed
100,failed
101,failed
102,failed
103,failed
104,failed
105,failed
106,failed
107,failed
108,failed
109,failed
110,failed
111,failed
112,failed
113,failed
114,failed
115,failed
116,failed
117,failed
118,failed
119,failed
120,failed
121,failed
122,failed
123,failed
124,failed
125,failed
126,failed
127,failed
128,failed
129,failed
130,failed
131,failed
132,failed
133,failed
134,failed
135,failed
136,failed
137,failed
138,failed
139,failed
140,failed
141,failed
142,failed
143,failed
144,failed
145,failed
146,failed
147,failed
148,failed
149,failed
150,failed
151,failed
152,failed
153,failed
154,failed
155,failed
156,failed
157,failed
158,failed
159,failed
160,failed
161,failed
162,failed
163,failed
164,failed
165,succeed
166,failed
167,failed
168,failed
169,failed
170,failed
171,failed
172,failed
173,failed
174,failed
175,failed
176,failed
177,failed
178,failed
179,failed
180,failed
181,failed
182,failed
183,failed
184,failed
185,failed
186,failed
187,failed
188,failed
189,failed
190,failed
191,failed
192,failed
193,failed
194,failed
195,failed
196,failed
197,failed
198,failed
199,failed
200,failed
201,failed
202,failed
203,failed
204,failed
205,failed
206,failed
207,failed
208,failed
209,failed
210,failed
211,failed
212,failed
213,failed
214,failed
215,failed
216,failed
217,failed
218,failed
219,failed
220,failed
221,failed
222,failed
223,failed
224,failed
225,failed
226,failed
227,failed
228,failed
229,failed
230,failed
231,failed
232,failed
233,failed
234,failed
235,failed
236,failed
237,failed
238,failed
239,failed
240,failed
241,failed
242,failed
243,failed
244,failed
245,failed
246,failed
247,failed
248,failed
249,failed
250,failed
251,failed
252,failed
253,failed
254,failed
255,failed
256,failed
257,failed
258,failed
259,failed
260,failed
261,failed
262,failed
263,failed
264,failed
265,failed
266,failed
267,failed
268,failed
269,failed
270,failed
271,failed
272,failed
273,failed
274,failed
275,failed
276,failed
277,failed
278,failed
279,failed
280,failed
281,failed
282,failed
283,failed
284,failed
285,failed
286,failed
287,failed
288,failed
289,failed
290,failed
291,failed
292,failed
293,failed
294,failed
295,failed
296,failed
297,failed
298,failed
299,failed
300,failed
301,failed
302,failed
303,failed
304,failed
305,failed
306,failed
307,failed
308,failed
309,failed
310,failed
311,failed
312,failed
313,failed
314,failed
315,failed
316,failed
317,failed
318,failed
319,failed
320,failed
321,failed
322,failed
323,failed
324,failed
325,failed
326,failed
327,failed
328,failed
329,failed
330,failed
331,failed
332,failed
333,failed
334,succeed
335,failed
336,failed
337,failed
338,failed
339,failed
340,failed
341,failed
342,failed
343,failed
344,failed
345,failed
346,failed
347,failed
348,failed
349,failed
350,failed
351,failed
352,failed
353,failed
354,failed
355,failed
356,failed
357,failed
358,failed
359,failed
360,failed
361,failed
362,failed
363,failed
364,failed
365,failed
366,failed
367,failed
368,failed
369,failed
370,failed
371,failed
372,failed
373,succeed
374,failed
375,failed
376,failed
377,succeed
378,failed
379,failed
380,failed
381,failed
382,failed
383,succeed
384,succeed
385,succeed
386,failed
387,failed
388,failed
389,failed
390,succeed
391,succeed
392,succeed
393,failed
394,failed
395,failed
396,succeed
397,failed
398,failed
399,failed
400,failed
401,failed
402,failed
403,failed
404,failed
405,failed
406,failed
407,failed
408,failed
409,failed
410,failed
411,failed
412,failed
413,failed
414,failed
415,failed
416,failed
417,failed
418,failed
419,failed
420,failed
421,failed
422,failed
423,failed
424,failed
425,failed
426,failed
427,failed
428,failed
429,failed
430,failed
431,failed
432,failed
433,failed
434,failed
435,failed
436,failed
437,failed
438,failed
439,failed
440,failed
441,failed
442,failed
443,failed
444,failed
445,failed
446,failed
447,failed
448,failed
449,failed
450,failed
451,failed
452,failed
453,failed
454,failed
455,failed
456,failed
457,failed
458,failed
459,failed
460,failed
461,failed
462,failed
463,failed
464,failed
465,failed
466,failed
467,failed
468,failed
469,failed
470,failed
471,failed
472,failed
473,failed
474,failed
475,failed
476,failed
477,failed
478,failed
479,failed
480,failed
481,failed
482,failed
483,failed
484,failed
485,failed
486,failed
487,failed
488,failed
489,failed
490,failed
491,failed
492,failed
493,failed
494,failed
495,failed
496,failed
497,failed
498,failed
499,failed
500,failed
501,failed
502,failed
503,failed
504,failed
505,failed
506,failed
507,failed
508,failed
509,failed
510,failed
511,failed
512,failed
513,failed
514,failed
515,failed
516,failed
517,failed
518,failed
519,failed
520,failed
521,failed
522,failed
523,failed
524,failed
525,failed
526,failed
527,failed
528,failed
529,failed
530,failed
531,failed
532,failed
533,failed
534,failed
535,failed
536,failed
537,failed
538,failed
539,failed
540,failed
541,failed
542,failed
543,failed
544,failed
545,failed
546,failed
547,failed
548,failed
549,failed
550,failed
551,failed
552,failed
553,failed
554,failed
555,failed
556,failed
557,failed
558,failed
559,failed
560,failed
561,failed
562,failed
563,failed
564,failed
565,failed
566,failed
567,failed
568,failed
569,failed
570,failed
571,failed
572,failed
573,failed
574,failed
575,failed
576,failed
577,failed
578,failed
579,failed
580,failed
581,failed
582,failed
583,failed
584,failed
585,failed
586,failed
587,failed
588,failed
589,failed
590,failed
591,failed
592,failed
593,failed
594,failed
595,failed
596,failed
597,failed
598,failed
599,failed
600,failed
601,failed
602,failed
603,failed
604,failed
605,failed
606,failed
607,failed
608,failed
609,failed
610,failed
611,failed
612,failed
613,failed
614,failed
615,failed
616,failed
617,failed
618,failed
619,failed
620,failed
621,failed
622,failed
623,failed
624,failed
625,failed
626,failed
627,failed
628,failed
629,failed
630,failed
631,failed
632,failed
633,failed
634,failed
635,failed
636,failed
637,failed
638,failed
639,failed
640,failed
641,failed
642,failed
643,failed
644,failed
645,failed
646,failed
647,failed
648,failed
649,failed
650,failed
651,failed
652,failed
653,failed
654,failed
655,failed
656,failed
657,failed
658,failed
659,failed
660,failed
661,failed
662,failed
663,failed
664,failed
665,failed
666,failed
667,failed
668,failed
669,failed
670,failed
671,failed
672,failed
673,failed
674,failed
675,failed
676,failed
677,failed
678,failed
679,failed
680,failed
681,failed
682,failed
683,failed
684,failed
685,failed
686,failed
687,failed
688,failed
689,failed
690,failed
691,failed
692,failed
693,failed
694,failed
695,failed
696,failed
697,failed
698,failed
699,failed
700,failed
701,failed
702,failed
703,failed
704,failed
705,failed
706,failed
707,failed
708,failed
709,failed
710,failed
711,failed
712,failed
713,failed
714,failed
715,failed
716,failed
717,failed
718,failed
719,failed
720,failed
721,failed
722,failed
723,failed
724,failed
725,failed
726,failed
727,failed
728,failed
729,failed
730,failed
731,failed
732,failed
733,failed
734,failed
735,failed
736,failed
737,failed
738,failed
739,failed
740,failed
741,failed
742,failed
743,failed
744,failed
745,failed
746,failed
747,failed
748,failed
749,failed
750,failed
751,failed
752,failed
753,failed
754,failed
755,failed
756,failed
757,failed
758,failed
759,failed
760,failed
761,failed
762,failed
763,failed
764,failed
765,failed
766,failed
767,failed
768,failed
769,failed
770,failed
771,failed
772,failed
773,failed
774,failed
775,failed
776,failed
777,failed
778,failed
779,failed
780,failed
781,failed
782,failed
783,failed
784,failed
785,failed
786,failed
787,failed
788,failed
789,failed
790,failed
791,failed
792,failed
793,failed
794,failed
795,failed
796,failed
797,failed
798,failed
799,failed
800,failed
801,failed
802,failed
803,failed
804,failed
805,failed
806,failed
807,failed
808,failed
809,failed
810,failed
811,failed
812,failed
813,failed
814,failed
815,failed
816,failed
817,failed
818,failed
819,failed
820,failed
821,failed
822,failed
823,failed
824,failed
825,failed
826,failed
827,failed
828,failed
829,failed
830,failed
831,failed
832,failed
833,failed
834,failed
835,failed
836,failed
837,failed
838,failed
839,failed
840,failed
841,failed
842,failed
843,failed
844,failed
845,failed
846,failed
847,failed
848,failed
849,failed
850,failed
851,failed
852,failed
853,failed
854,failed
855,failed
856,failed
857,failed
858,failed
859,failed
860,failed
861,failed
862,failed
863,failed
864,failed
865,failed
866,failed
867,failed
868,failed
869,failed
870,failed
871,failed
872,failed
873,failed
874,failed
875,failed
876,failed
877,failed
878,failed
879,failed
880,failed
881,failed
882,failed
883,failed
884,failed
885,failed
886,failed
887,failed
888,failed
889,failed
890,failed
891,failed
892,failed
893,failed
894,failed
895,failed
896,failed
897,failed
898,failed
899,failed
900,failed
901,failed
902,failed
903,failed
904,failed
905,failed
906,failed
907,failed
908,failed
909,failed
910,failed
911,failed
912,failed
913,failed
914,failed
915,failed
916,failed
917,failed
918,failed
919,failed
920,failed
921,failed
922,failed
923,failed
924,failed
